<?xml version="1.0" encoding="UTF-8"?>
<rules
    xmlns="http://namespaces.plone.org/diazo"
    xmlns:css="http://namespaces.plone.org/diazo/css"
    xmlns:xsl="http://www.w3.org/1999/XSL/Transform">

    <!-- Prevent theme usage in zmi-->
    <rules css:if-content="#visual-portal-wrapper">
      <!-- define Theme template for front-page -->
        <theme href="index.html"  css:if-content="body.section-front-page"/>
        <theme href="bordbestilling.html" css:if-content="body.section-bordbestilling" />

        <!-- define Theme template for some other page -->
        <!-- theme href="index.html" css:if-content="body.section-some-section" /-->

        <!-- define Theme template for some other view -->
        <!-- theme href="index.html" 
          css:if-content=".template-collective-easyslider-interfaces-ivieweasyslider" / -->

        <!-- define Theme template for other-pages-->
        <theme href="theme.html" />

        <!-- drop heading for scrape view -->
        <drop css:content=".documentFirstHeading" css:if-content="body.template-scrape_view" />
        <drop css:content=".documentFirstHeading" css:if-content="body.template-scrape" />

        <!-- drop html from external site used in the scrape view-->
        <!--drop css:content=".imageset" css:if-content="body.template-scrape" /-->

        <!--drop hard coded widths set in image tags /-->
        <drop attributes="width" css:content="img" />

        <replace content="/html/head/title" theme="/html/head/title" />
        <replace content="/html/head/base" theme="/html/head/base" />
        <!-- replace content="/html/head/meta" theme="/html/head/meta" / -->
        <!--before content='/html/head' theme='/html/head' /-->

        <!-- Drop styles in the head - these are added back by including them from Plone -->
        <!--drop theme="/html/head/style" /-->

        <!-- Pull in Plone CSS -->
        <after theme-children="/html/head" content="/html/head/link | /html/head/style" />

        <!-- Pull in Plone JS -->
        <after theme-children="/html/head" content="/html/head/script" />
        <!-- Personal tools, remove if you dont edit on mobile -->
        <replace css:content="#portal-personaltools" css:theme="#portal-personaltools" />
        
        <replace css:content="#edit-bar" css:theme="#edit-bar" />
        <replace css:content="#portal-logo" css:theme="#portal-logo" />
        <replace css:content="#portal-globalnav" css:theme="#portal-globalnav" />
        <replace css:content="#portal-searchbox" css:theme="#portal-searchbox" />
        <replace css:content="#portal-personaltools-wrapper" css:theme="#portal-personaltools-wrapper" />
        <replace css:content="ul.mobileButtons" css:theme="ul.mobileButtons" />

        <!--content, skipped left and right columns-->
        <replace css:content="#content" css:theme="#portal-column-content" />

    </rules>
</rules>
